customer_key,age_group,job,marital,education,balance_bucket
e9a08852-8b03-41d3-81e2-0c07c261e416,26-35,admin.,divorced,secondary,1-1K
54c7f7ee-090b-45a2-af41-c2d2e53cd744,26-35,blue-collar,divorced,secondary,1-1K
a6bb6cef-3da5-484a-859d-6194e5894270,26-35,management,divorced,tertiary,1-1K
b1c550d6-658c-4aec-b007-fb3bac132c55,26-35,services,divorced,secondary,1-1K
2c243524-4470-4b72-b19a-7b72f3d29276,26-35,services,divorced,secondary,1-1K
0b822817-390c-4548-81b8-b46550f7c16d,36-45,admin.,divorced,tertiary,1-1K
cafe7897-7cb2-465b-977c-df7d9d43b687,36-45,blue-collar,divorced,secondary,1-1K
b179a150-cd7d-4f80-8de9-1273d02d9d7a,36-45,blue-collar,divorced,secondary,1-1K
66f7361b-1991-4ac3-8f08-130a0cc0cf40,36-45,management,divorced,secondary,1-1K
7120ea62-b871-43f1-a184-1307127cc078,36-45,management,divorced,secondary,1-1K
3c8f8e92-78c2-4f79-8da0-166d493de8b6,36-45,management,divorced,tertiary,1-1K
6b79247c-2b0e-4a1c-b2ba-cdc69beb3d54,36-45,services,divorced,secondary,1-1K
a50352a2-cc3d-4d5b-96da-340ae143950c,36-45,services,divorced,secondary,1-1K
36a143bf-d6d0-4ac8-a073-9fa417fbe1ee,36-45,services,divorced,secondary,1-1K
ec00a6db-b002-436c-bb73-14e7e808a453,36-45,services,divorced,primary,1-1K
a95b97f1-9257-41ec-b355-105d67a4b59d,36-45,services,divorced,secondary,1-1K
dc8c329a-9ed4-4ec3-88c1-2df6bec512f7,36-45,technician,divorced,secondary,1-1K
4c96729c-57c1-455f-9ea6-f6b33e619bef,36-45,technician,divorced,secondary,1-1K
693997c1-612c-4827-9190-6e7a40f41c12,36-45,technician,divorced,secondary,1-1K
659bdcc6-fac6-412c-a9d4-90a8923432d6,46-55,housemaid,divorced,primary,1-1K
fabcd4fd-cfb5-4eb2-8203-22cf43faca31,46-55,management,divorced,tertiary,1-1K
39df6aba-8401-4367-9766-ff9254b0f4e5,46-55,management,divorced,tertiary,1-1K
66dfaee4-071f-417c-82cb-db75be70d76c,46-55,services,divorced,secondary,1-1K
1a82327a-3127-4778-848a-bf8d75827af2,46-55,services,divorced,secondary,1-1K
6517111c-d18c-4a47-81a9-0bf1a82ebc89,46-55,technician,divorced,tertiary,1-1K
b1d834dd-0a30-4034-b598-5952193905a8,46-55,technician,divorced,tertiary,1-1K
e28e73a6-5706-4c5c-b016-5c3819dd8d0d,46-55,technician,divorced,secondary,1-1K
dabc45cb-c229-4cbd-a92a-1e511fba7c00,46-55,technician,divorced,secondary,1-1K
09590542-61b6-4dfb-85e5-f16d0188b80b,46-55,unemployed,divorced,tertiary,1-1K
d66156f4-9e5c-470d-bdc3-dfb79479e56f,56+,Unknown,divorced,Unknown,1-1K
51a33541-8e67-4f2e-adf2-1767c0d15cad,56+,admin.,divorced,primary,1-1K
b3cac0e2-e733-4137-acc0-ac1e05692f37,56+,admin.,divorced,Unknown,1-1K
9ec636fa-35a1-4142-85c5-2436b4900a65,56+,housemaid,divorced,secondary,1-1K
fbd28347-1c30-4fe6-ae28-15e434c91aea,56+,management,divorced,tertiary,1-1K
b1455556-23dc-462b-8f5d-ec14ec952316,56+,management,divorced,tertiary,1-1K
35660783-ef95-4fd7-8f7c-e6a31e32b719,56+,management,divorced,tertiary,1-1K
afd00b22-9689-4a97-9d22-8a9eb921c6b7,56+,retired,divorced,primary,1-1K
3c514b61-be32-43f1-ae85-03f136313854,56+,retired,divorced,secondary,1-1K
0cdcaa8e-effb-437a-8bbd-03cd7904b3dc,56+,retired,divorced,secondary,1-1K
e1414807-139c-4493-8f3e-8396e612657f,56+,retired,divorced,primary,1-1K
a9ad7e27-6cc6-4a7e-a78c-acf767c98e6d,56+,retired,divorced,primary,1-1K
82adcfe5-ed8f-47fc-95c4-2bc6aa0f26b3,56+,retired,divorced,secondary,1-1K
176c0c44-266f-47a6-8b2e-be8aad9b474e,56+,self-employed,divorced,primary,1-1K
bbac59cb-3fd9-4dc3-92b4-77ad203e9833,56+,services,divorced,primary,1-1K
00e9b7b9-a02b-4797-b443-7c2c6327d133,26-35,admin.,divorced,secondary,1-1K
b8fccbb6-29c3-4ba9-902b-838414ab679f,26-35,admin.,divorced,secondary,1-1K
6979b13b-4fdc-4b08-b69b-06c04f4f2fe6,26-35,admin.,divorced,secondary,1-1K
5e597c42-f974-4035-9bef-4d97abb8e380,26-35,admin.,divorced,secondary,1-1K
4309091f-d771-4567-8581-c5f9e08ea180,26-35,admin.,divorced,secondary,1-1K
a62b3e0a-b4ec-4824-93fc-b18ac948c9b4,26-35,blue-collar,divorced,primary,1-1K
4d30b92c-eae9-48c0-bd10-2840b339c314,26-35,blue-collar,divorced,secondary,1-1K
350ae4cd-a589-4f61-a1f1-4726517b08ef,26-35,management,divorced,tertiary,1-1K
4535169d-c1ff-457e-a1fc-6430fade15df,26-35,management,divorced,tertiary,1-1K
9ffa698b-e0e2-45d8-a3cc-ac0f002e78d2,26-35,technician,divorced,secondary,1-1K
d9b70ec9-4c3a-4380-a60c-738630030b16,26-35,technician,divorced,tertiary,1-1K
bb19d635-6dee-4679-a6be-db24d4702432,26-35,technician,divorced,secondary,1-1K
753a0414-a72a-480b-97f1-d187ae9e84c7,26-35,technician,divorced,secondary,1-1K
a4dca4ed-3be6-462e-b365-580ab975f7bd,36-45,admin.,divorced,secondary,1-1K
a37d0fb6-f015-4c6f-81ef-813140fa9077,36-45,admin.,divorced,primary,1-1K
e2e42a8e-f10a-4b29-9a27-26f017ea227c,36-45,admin.,divorced,secondary,1-1K
d0c4e7a1-d28d-431b-944c-9d24f2cd208c,36-45,housemaid,divorced,tertiary,1-1K
496a0099-4823-4e12-b49e-6aad08f97f95,36-45,housemaid,divorced,tertiary,1-1K
af63eca7-d7d1-44fa-96ed-f045dd4d20cd,36-45,management,divorced,secondary,1-1K
9aa34a01-b76d-4ab9-8f5a-963f01c0e05a,36-45,self-employed,divorced,tertiary,1-1K
6f3400c1-a90b-41d7-90af-b8a05189ae32,36-45,services,divorced,secondary,1-1K
2f32d371-5c0b-4f27-a216-37e72e9fbf6b,36-45,services,divorced,tertiary,1-1K
a8f65255-8adc-4091-94bb-86179c2d65cd,36-45,technician,divorced,secondary,1-1K
e518268b-624c-49bf-8761-229a3ccbbcb3,36-45,technician,divorced,secondary,1-1K
ea276855-938e-4f45-a2de-a21fdeb5087c,36-45,unemployed,divorced,secondary,1-1K
b9a74add-5af7-45fa-8f50-2cfded30d75b,36-45,unemployed,divorced,primary,1-1K
b97e8a40-3e8f-442f-a405-646472b595cd,46-55,blue-collar,divorced,primary,1-1K
468c3f5b-0aba-42d4-aa6c-bb2a605d45ea,46-55,blue-collar,divorced,secondary,1-1K
c3c1d13e-e776-46dd-813e-8b1f123bb2bb,46-55,management,divorced,tertiary,1-1K
c06927f3-8c40-4708-bd52-275b07c800a1,46-55,management,divorced,tertiary,1-1K
c6065983-0f52-497a-afa2-ea7b98388124,46-55,management,divorced,tertiary,1-1K
0f8e4bec-05f9-46d7-a749-725bceaf0ad3,46-55,services,divorced,primary,1-1K
f16ed8ef-fb39-400e-80cc-d8cbfc7659e2,46-55,technician,divorced,secondary,1-1K
e0d268f2-2cf2-4ab3-8591-d2c720eaa32e,46-55,technician,divorced,secondary,1-1K
eb6b43f8-7cd1-4666-aa71-e46a3bbff29d,46-55,technician,divorced,secondary,1-1K
40aad465-f1b8-4c73-a585-98aa36b25a9f,56+,entrepreneur,divorced,tertiary,1-1K
a6c04185-0356-4a6a-848c-26ca4a2f81c7,56+,management,divorced,tertiary,1-1K
2219d903-15f3-42ce-9684-c5ae57e79a67,56+,management,divorced,tertiary,1-1K
df3013fd-b84f-404e-a775-abe9ca8a896a,56+,management,divorced,tertiary,1-1K
fbb55e42-74e5-49de-9a26-86eee29c6626,56+,retired,divorced,tertiary,1-1K
ff2653cc-4fc2-4834-b442-77a97c729ef2,56+,retired,divorced,primary,1-1K
f39baa07-5bc4-4c7f-ba82-1aaa3ec43d2e,56+,retired,divorced,secondary,1-1K
eddf17ab-624c-43ce-a56e-7887f73d1c34,56+,retired,divorced,primary,1-1K
5814af98-907a-4c46-8f0f-7d019e312a2f,56+,technician,divorced,secondary,1-1K
1de1e5f8-34ce-4b76-93ff-40d5a8276f85,56+,technician,divorced,secondary,1-1K
7f9bd289-ed96-459e-947c-5b43c07b7af4,26-35,admin.,divorced,secondary,1-1K
a97ea44b-18bf-43dd-ab8f-7586b5cbac5a,26-35,admin.,divorced,secondary,1-1K
66f405b6-dc52-4953-a0fd-1b7600378799,26-35,blue-collar,divorced,primary,1-1K
287a7993-4355-4517-916c-2bc144169ea8,26-35,blue-collar,divorced,secondary,1-1K
2f12be81-0379-40a1-b2e6-45c6ee303234,26-35,management,divorced,tertiary,1-1K
92c952a1-fed6-434d-9af6-743d5f40a528,26-35,management,divorced,tertiary,1-1K
4e2e8838-c9ea-4cf6-aa79-ab39393acec6,26-35,management,divorced,tertiary,1-1K
7075c19d-6f29-47c6-a69f-579aa3c32a95,26-35,services,divorced,secondary,1-1K
1858b4df-5ed1-4471-94e2-6022714f80ff,26-35,services,divorced,secondary,1-1K
24b26e0b-c35b-40a9-9186-baacca7daf90,26-35,services,divorced,secondary,1-1K
7357e267-dcfd-4efc-8836-44f763c5a8a9,26-35,student,divorced,Unknown,1-1K
8f9fd24f-5687-4cd7-abcf-6d6ef21bb19b,26-35,technician,divorced,tertiary,1-1K
a83247ea-113b-4e6d-a027-5607bffe92b2,36-45,admin.,divorced,secondary,1-1K
88b20e6b-8d96-4c7e-9954-82fb48431f95,36-45,admin.,divorced,secondary,1-1K
9263e8ea-6d6b-4513-9443-20e237ae274a,36-45,blue-collar,divorced,secondary,1-1K
d8697a3a-44a2-4dda-ae68-687c65f7cb77,36-45,blue-collar,divorced,primary,1-1K
33d6be9c-b4d6-498e-9d97-cea4a00dba5c,36-45,blue-collar,divorced,tertiary,1-1K
104d00cc-93f1-43fd-bc39-d9154794a31e,36-45,housemaid,divorced,primary,1-1K
e9250603-1a09-42d3-894d-e22bc8f301e9,36-45,management,divorced,tertiary,1-1K
9dd862e0-2d2c-43a7-8cf8-248398814891,36-45,management,divorced,secondary,1-1K
8b28629d-12ff-4e6e-bdd3-f381cab315a7,36-45,management,divorced,tertiary,1-1K
7493ec22-7c59-4a73-be4f-ce00eb818188,36-45,management,divorced,tertiary,1-1K
f8e8c41c-4f9d-484f-8720-3c61046bbcb5,36-45,management,divorced,tertiary,1-1K
affe5124-d823-463f-b7b7-11873dad3b39,36-45,self-employed,divorced,secondary,1-1K
3d46b4d8-f734-4d50-a0ee-963f380d5c96,36-45,services,divorced,Unknown,1-1K
c1b24687-0ab8-41fa-a167-1e4c3614396e,36-45,technician,divorced,secondary,1-1K
a2725299-485a-47f3-bd5b-e6bf13dcb0ab,46-55,admin.,divorced,secondary,1-1K
55b25e74-470c-4ae5-857d-0b0516a1d8ee,46-55,admin.,divorced,secondary,1-1K
729e4020-78a4-42c0-8665-3f272f2d4c1c,46-55,admin.,divorced,secondary,1-1K
75c851e4-300f-4082-ac25-b1a9c05ce38c,46-55,admin.,divorced,tertiary,1-1K
ba476f8b-19ae-4a32-a79c-8d8e1fc43922,46-55,entrepreneur,divorced,secondary,1-1K
eefdead3-dd02-4f52-9b6f-422981612a7a,46-55,housemaid,divorced,tertiary,1-1K
b58fb85a-7d62-4f22-9439-444610d1538f,46-55,housemaid,divorced,secondary,1-1K
90398944-deb2-4fdd-8c52-e788a14e3e86,46-55,management,divorced,tertiary,1-1K
0d200bc8-8c34-4d53-822e-828504bbd3ed,46-55,management,divorced,tertiary,1-1K
03ef67df-25cb-464a-b559-12053f3d24f6,46-55,management,divorced,tertiary,1-1K
c7648b84-1ebc-4d71-b68f-77e9f09cb421,46-55,management,divorced,tertiary,1-1K
0a73ed33-9b4a-40ae-b255-9d1f8104f1f7,46-55,management,divorced,tertiary,1-1K
a4bc777d-b05a-4fbe-8122-88234f702deb,46-55,services,divorced,secondary,1-1K
ed164c9f-e438-455c-825c-961d1e1e7a41,46-55,technician,divorced,secondary,1-1K
604f5783-5f6e-40df-ae98-da74fc1454f2,46-55,technician,divorced,secondary,1-1K
c2fe2f52-e707-4baf-bb98-7e4a55fa9950,46-55,technician,divorced,secondary,1-1K
17923835-ff2a-4ff7-8f6d-c080c947dc14,46-55,technician,divorced,secondary,1-1K
fb48ac1f-bced-465a-afa4-44623c8af498,46-55,unemployed,divorced,secondary,1-1K
a58cd079-e49e-469a-acaa-44f03b5f3914,56+,entrepreneur,divorced,secondary,1-1K
763953a3-98d9-4a86-9717-6c31756240e4,56+,management,divorced,tertiary,1-1K
353ade31-b578-4889-a4f9-649b12d56103,56+,retired,divorced,primary,1-1K
9d164639-df7d-4abe-9c7c-86a38f469682,56+,retired,divorced,secondary,1-1K
61467db8-b1f8-47e4-b018-33a8474d6765,56+,retired,divorced,tertiary,1-1K
8e011f4c-3e79-4e6e-8a74-827dca630b9c,56+,retired,divorced,primary,1-1K
ea81df13-d315-4c72-9d0e-a2939c1b4de4,56+,technician,divorced,tertiary,1-1K
26274103-63e4-45cb-a41e-95236073e4d3,56+,technician,divorced,secondary,1-1K
2fcc2298-1fb3-4d26-a299-5aca1a5df02d,26-35,admin.,divorced,secondary,1-1K
32316842-4597-4f38-b463-0762084613a3,26-35,blue-collar,divorced,secondary,1-1K
87372e68-de1b-4652-b419-e001a8c3380d,26-35,blue-collar,divorced,secondary,1-1K
6ee921e8-24d6-43a7-9e50-589eea3f9e9e,26-35,blue-collar,divorced,secondary,1-1K
c454935f-472e-43fb-8b2f-73dfccf1f9a5,26-35,blue-collar,divorced,secondary,1-1K
7de3e87c-50d0-470b-979d-724dddaab49b,26-35,entrepreneur,divorced,tertiary,1-1K
edbf7c05-7ebb-4568-a2ae-177e342d64b6,26-35,management,divorced,tertiary,1-1K
c68686a6-509a-4508-9118-2f78e1468a0b,26-35,management,divorced,tertiary,1-1K
3f32d059-395d-4f6b-b89b-327e764f2c9a,26-35,management,divorced,tertiary,1-1K
3c37074c-d152-4a40-a96c-9752195e7307,26-35,self-employed,divorced,tertiary,1-1K
4093892d-9c42-4bc2-a643-154d09ab9061,26-35,services,divorced,secondary,1-1K
726c5f72-38dc-4dc7-8959-4cf5bca2afc3,36-45,admin.,divorced,secondary,1-1K
a25cab42-ebcd-4f7f-8ddb-76ced4e16107,36-45,admin.,divorced,secondary,1-1K
ea7f9274-d88e-40f5-b6d3-fa5faf98b506,36-45,admin.,divorced,secondary,1-1K
22605d1f-8805-409e-a3f9-771f2172e5fd,36-45,blue-collar,divorced,primary,1-1K
24edbfec-9959-4b0e-ac79-eb4410f4a068,36-45,blue-collar,divorced,primary,1-1K
ecd6c51f-6dd2-48e7-bb72-8207e61688ad,36-45,blue-collar,divorced,secondary,1-1K
c6def396-1796-45cc-86e7-c2056a96386d,36-45,entrepreneur,divorced,secondary,1-1K
94ad69fb-878a-418d-b2a0-0d2914d63cc7,36-45,entrepreneur,divorced,secondary,1-1K
2c5bd5b7-5d7c-4bb2-8ed1-7558b0ac723c,36-45,entrepreneur,divorced,tertiary,1-1K
a1d502f8-8d11-40f9-bd12-441e006c4597,36-45,housemaid,divorced,primary,1-1K
149d9a7a-305b-45a7-b1f0-ceefccc7d8a7,36-45,housemaid,divorced,secondary,1-1K
c1cda00d-f4ae-4bc5-9c4d-3285865a4013,36-45,management,divorced,Unknown,1-1K
139cc8ba-c7bc-4afc-864e-5f6c75274273,36-45,management,divorced,tertiary,1-1K
fbaa170a-799f-4ca2-b98c-f49cb73e0ac9,36-45,management,divorced,tertiary,1-1K
197f194c-b6d2-4dea-9450-fd0101e0f3f6,36-45,management,divorced,tertiary,1-1K
5a57036f-3efb-4436-9732-4d7b6a95a724,36-45,self-employed,divorced,tertiary,1-1K
b2e63893-e8d9-4fed-81ee-fa1ab37e3309,36-45,services,divorced,secondary,1-1K
82ef070c-8fa0-4f3b-a59a-acf3a703d356,36-45,technician,divorced,secondary,1-1K
0b952d62-c8b4-43c0-aa2d-5cc4e2a9ae3a,36-45,technician,divorced,secondary,1-1K
5f99d431-3d05-476d-8735-fcae7bd7b6e8,36-45,technician,divorced,secondary,1-1K
f6da4663-ca4e-4986-b2a6-123e06646de6,46-55,admin.,divorced,secondary,1-1K
476eac54-dfe9-4cd0-802f-f2535283ef15,46-55,admin.,divorced,secondary,1-1K
a8eb800f-359b-4d22-a13d-676ba79e8c18,46-55,admin.,divorced,secondary,1-1K
5675f002-52a7-4c2f-b2f8-e7d377bba3c6,46-55,admin.,divorced,secondary,1-1K
e06628ac-cdca-4602-b027-0cc5bacc1139,46-55,blue-collar,divorced,secondary,1-1K
27f50693-504e-48cc-b596-5d6252adf31b,46-55,blue-collar,divorced,secondary,1-1K
37fb1241-bef3-408f-abd3-910e27ec41a5,46-55,entrepreneur,divorced,tertiary,1-1K
9d11eb88-027f-44ae-a30a-104194a55704,46-55,entrepreneur,divorced,secondary,1-1K
60161eb6-cd0d-4969-baa0-16b25856fe10,46-55,housemaid,divorced,secondary,1-1K
bcf6da6b-d8fa-4103-9a7a-d78e0ef95694,46-55,housemaid,divorced,secondary,1-1K
89a7375e-ee85-46b6-aeec-76c23a6565cb,46-55,housemaid,divorced,secondary,1-1K
2d8978ec-cc30-44ab-9982-c2f847785d2f,46-55,management,divorced,secondary,1-1K
21a5b54d-19d5-4f7e-87bc-6dffb2c1be2d,46-55,management,divorced,tertiary,1-1K
f21d7d08-f5e3-4c65-a81c-fcb9004e01f2,46-55,management,divorced,tertiary,1-1K
e6ed087f-f6d7-415d-88d5-cc8434ff597e,46-55,management,divorced,tertiary,1-1K
cd3d6920-9bda-42c8-8bc9-af172707849b,46-55,management,divorced,tertiary,1-1K
331e7439-25f4-46f2-bd92-0b22b3a336f1,46-55,self-employed,divorced,primary,1-1K
90531d9b-a5c1-4e92-8cf0-f19ba8907b64,46-55,services,divorced,secondary,1-1K
e0a4ccfd-c0b3-4d0f-a676-f39cb29704d4,46-55,services,divorced,primary,1-1K
f58e4ab4-5285-43f8-b471-58859d97158f,46-55,services,divorced,secondary,1-1K
c5c8e7aa-b6e4-42e9-a757-3c2d3f72008c,46-55,technician,divorced,secondary,1-1K
908eec18-95e8-427b-9059-896a4f440747,46-55,technician,divorced,secondary,1-1K
2f976b7d-6ae3-4198-b23d-852d4808a832,46-55,technician,divorced,secondary,1-1K
95693d97-3656-4274-af30-913536fc7f6b,46-55,unemployed,divorced,secondary,1-1K
b26029fa-08bf-4f1a-81fe-1b075e93377d,46-55,unemployed,divorced,secondary,1-1K
97019711-5f0b-469b-86c6-268f9500d443,46-55,unemployed,divorced,secondary,1-1K
d18a1d8f-1931-496f-b04f-fc2abacf6ad9,56+,admin.,divorced,primary,1-1K
0d9e084f-adea-4222-8031-17a95b6cf66b,56+,blue-collar,divorced,primary,1-1K
ee1eebfc-7971-407d-b053-7b8adae3faef,56+,blue-collar,divorced,secondary,1-1K
88744346-5b38-4181-82c7-7d025dbdc3cd,56+,entrepreneur,divorced,tertiary,1-1K
da025422-cd11-4529-9fae-b2e748446ca6,56+,management,divorced,tertiary,1-1K
fe936703-74ca-4c26-9ea1-8aef5fb88ca0,56+,retired,divorced,secondary,1-1K
0e0ae438-54ec-48b6-bddb-4b85f9d3fe72,56+,retired,divorced,primary,1-1K
5c2c7b72-ccc7-44e7-88ac-e6c36289c940,26-35,admin.,divorced,secondary,1-1K
439be1cc-2352-45c2-b80c-ee5adca2da90,26-35,management,divorced,tertiary,1-1K
ff3878fb-a923-430a-9ede-483de551638a,26-35,management,divorced,tertiary,1-1K
6787b624-04de-4367-8954-28d8e52e5968,26-35,management,divorced,tertiary,1-1K
5fea9bd1-7642-42fb-9cc2-b1b764142c8c,26-35,technician,divorced,secondary,1-1K
804744cd-8608-49a0-ad46-20e10f9e6746,36-45,admin.,divorced,secondary,1-1K
8692c089-ad83-409c-bb9e-fd2582c2d2d4,36-45,admin.,divorced,secondary,1-1K
d47cb64f-1bc7-4fa6-9a99-fa51eec7f832,36-45,admin.,divorced,secondary,1-1K
31eb70cf-6122-4d9b-b86d-7da5c284c42a,36-45,admin.,divorced,secondary,1-1K
b7163b97-9c95-4652-a4af-ce25b88c2553,36-45,blue-collar,divorced,Unknown,1-1K
9a2831d2-9bf8-4d1c-bc9e-a001029cf7c5,36-45,blue-collar,divorced,secondary,1-1K
a625c03e-7507-4f25-9ea7-12b151e0b858,36-45,blue-collar,divorced,secondary,1-1K
a78ec44f-027a-4926-8d3a-f302c1d9cf4b,36-45,entrepreneur,divorced,tertiary,1-1K
5d041843-3e3c-4f9e-ae28-fc15cec9ef55,36-45,entrepreneur,divorced,secondary,1-1K
2adf1f20-8d70-4f23-a130-2e59d4a483d6,36-45,management,divorced,tertiary,1-1K
2f4074c0-a354-41bb-a84f-ec1807712129,36-45,management,divorced,tertiary,1-1K
9c0ea1f6-3839-46dc-842e-147d6dd67678,36-45,management,divorced,tertiary,1-1K
2197dfeb-8247-4560-aa6c-480b7f8b693f,36-45,services,divorced,secondary,1-1K
f3547222-b3ba-4cf8-8476-ec0ea74cb50c,36-45,services,divorced,secondary,1-1K
31073406-c88a-4bff-986e-36ef5fdcd9ce,36-45,services,divorced,secondary,1-1K
811a66c4-3afa-442f-849c-133269baf56a,36-45,technician,divorced,secondary,1-1K
6314e91a-a8b1-4dae-a43e-a04fb63356f2,36-45,technician,divorced,secondary,1-1K
5a8432f3-93f7-4acf-acee-cf1ec16b8fd0,36-45,technician,divorced,secondary,1-1K
7de875ae-e72e-4c16-8123-1427e473df2e,36-45,technician,divorced,tertiary,1-1K
6601e588-7055-4966-b62c-28f0eb7be28f,36-45,technician,divorced,tertiary,1-1K
71718634-d4b4-402e-b2da-9c5b5c843c94,36-45,technician,divorced,secondary,1-1K
e20a05f7-7e05-403d-885d-36662a1976a8,46-55,admin.,divorced,secondary,1-1K
d32c96b4-2807-46b2-ad8b-ef691f663afd,46-55,admin.,divorced,secondary,1-1K
34e84065-5e18-4530-88ed-a9e99ae6fb74,46-55,blue-collar,divorced,primary,1-1K
3a5cb4c7-3b05-452d-b219-dee0e4ee840d,46-55,blue-collar,divorced,secondary,1-1K
bebb3160-8388-4738-a4dc-a2fe6caf5a14,46-55,blue-collar,divorced,primary,1-1K
74a58d69-f7c7-420c-a46d-ea142ce7cb11,46-55,blue-collar,divorced,primary,1-1K
6b9d28a2-5275-41b9-96bd-0fa3297a371b,46-55,blue-collar,divorced,secondary,1-1K
2ead7936-20db-44b0-ba3f-75badc12df6d,46-55,entrepreneur,divorced,secondary,1-1K
5a18fc76-aeb9-4ede-9c08-12302c11eba2,46-55,management,divorced,secondary,1-1K
a4a23115-db91-47d0-84b6-1c7bfab9e4a8,46-55,management,divorced,tertiary,1-1K
495dcacd-f34a-454c-bfe8-9650fbb2aada,46-55,management,divorced,tertiary,1-1K
2726ee8b-3b8f-4701-8a57-6f1b4c461c32,46-55,management,divorced,tertiary,1-1K
44595fd3-c5d4-4e77-935e-31d3201d6eb2,46-55,management,divorced,secondary,1-1K
e7efafcf-4bc2-43b8-87aa-b35d18bef2f9,46-55,management,divorced,tertiary,1-1K
6e353a4d-f947-48ce-af67-1a385d6c32cb,46-55,management,divorced,primary,1-1K
a2f994c4-bf68-4701-9ed9-4f07bbe92f2e,46-55,management,divorced,tertiary,1-1K
57ff7e61-4339-42c8-86a0-aff2ed1f76f0,46-55,management,divorced,tertiary,1-1K
c06a53c0-114f-49e6-83ed-5f59d719936e,46-55,management,divorced,tertiary,1-1K
41a12e87-033c-469e-8731-7fc43239dfb5,46-55,services,divorced,Unknown,1-1K
3f6ce4c4-9a4f-44fd-878c-e7672def4f58,46-55,technician,divorced,secondary,1-1K
6066bbb4-5c1a-49ed-8014-69656690adf8,46-55,technician,divorced,secondary,1-1K
8258b7ac-94aa-4b6f-bf10-7b4292920445,46-55,technician,divorced,tertiary,1-1K
f6d6e3f8-1749-4a2c-b716-f26d14f3f2c2,46-55,technician,divorced,secondary,1-1K
4300cce1-bbee-4b23-9912-f8c4067ac1d0,46-55,technician,divorced,secondary,1-1K
3c6aba2c-029f-42a5-a830-8af4bed94109,46-55,unemployed,divorced,secondary,1-1K
e5d59053-7f94-4789-b04a-92da20a00b46,56+,admin.,divorced,tertiary,1-1K
9313175c-ed51-464c-9541-e64e6623894e,56+,blue-collar,divorced,secondary,1-1K
e77a887b-a53f-4917-b59c-100fa69ca937,56+,retired,divorced,tertiary,1-1K
7d92a279-55cc-4c54-875e-2fd7a474e2f4,56+,retired,divorced,tertiary,1-1K
4c07aeb4-537c-4ba6-abab-bc12b2cc33f1,56+,retired,divorced,primary,1-1K
2cd603a3-808d-472e-bbe8-441e018fc1ab,56+,retired,divorced,primary,1-1K
a46569b7-66e5-4d0a-a635-86b452a26b95,26-35,admin.,divorced,secondary,1-1K
e7318be6-9aa4-4df1-90b3-b125a00b88db,26-35,blue-collar,divorced,secondary,1-1K
3538f79e-a998-4855-a811-629495e82441,26-35,blue-collar,divorced,primary,1-1K
d668aa6f-c1f2-42aa-9c1d-7c592af36935,26-35,management,divorced,tertiary,1-1K
f69ebb94-339e-4c06-b49a-a483fd9c66e9,26-35,services,divorced,secondary,1-1K
c3b107e6-a9d4-4925-a651-d1e864d7cb90,26-35,services,divorced,secondary,1-1K
06fe0b70-1306-4e13-a43d-41c16e20e9fd,26-35,services,divorced,Unknown,1-1K
de7a3f78-da99-47b8-9804-a419aa14d2dd,26-35,technician,divorced,secondary,1-1K
196056b3-a3e4-45de-a212-4cd545c6d295,26-35,technician,divorced,secondary,1-1K
bc0381ba-52e4-4059-831f-b652a5b6e5d6,26-35,technician,divorced,secondary,1-1K
7eae9c4a-012c-4fca-8c52-7cc3d7466b16,26-35,technician,divorced,secondary,1-1K
087ea2a0-79f5-432f-a4df-45ab6bd2ab86,26-35,unemployed,divorced,tertiary,1-1K
0f62b70c-5891-43ab-ae96-0b7fd1e68b5d,36-45,admin.,divorced,secondary,1-1K
1d6564dd-ddf0-4074-80b1-56110cadf6e9,36-45,admin.,divorced,secondary,1-1K
adb71cd4-eac9-474e-a611-cbb3b8bbccd9,36-45,admin.,divorced,secondary,1-1K
22ed10fa-da74-4749-a6ee-3aafc850e9bc,36-45,admin.,divorced,secondary,1-1K
e0c1e72a-4f8c-4329-b82e-ce2cf63ecd02,36-45,blue-collar,divorced,secondary,1-1K
9b629670-b9b7-486e-8774-cccd2c158079,36-45,entrepreneur,divorced,primary,1-1K
e30d55d4-a8b9-4e40-bc8e-4500d0791def,36-45,management,divorced,tertiary,1-1K
0ab62b77-9f64-405d-a318-b718682a67fd,36-45,management,divorced,tertiary,1-1K
24e202dd-7948-4f37-8e08-abfb6fb6683b,36-45,management,divorced,tertiary,1-1K
f0f988b1-a3e2-4b5c-a8bf-a82f25dd14b4,36-45,management,divorced,tertiary,1-1K
edd2eeca-2d1c-4e4c-b2fc-8dad441844a8,36-45,management,divorced,primary,1-1K
eb5f51a7-df54-4577-b705-0fb741208b7b,36-45,management,divorced,tertiary,1-1K
6152de5e-c718-4dff-a8bc-4f6ce6524168,36-45,self-employed,divorced,secondary,1-1K
148ce1da-5831-4c1a-8851-370f85773178,36-45,self-employed,divorced,secondary,1-1K
d0a68fee-cd4f-47fd-a8df-8d3330945047,36-45,services,divorced,secondary,1-1K
5b7c5f8d-f6be-4cf6-a797-88f4b0b23e50,36-45,services,divorced,secondary,1-1K
bc2f0f59-c0bf-4ff0-b869-68694669d575,36-45,services,divorced,secondary,1-1K
7f8a2621-48d4-4c0a-a3ad-e8ea0e5de8c5,36-45,services,divorced,secondary,1-1K
5f51a14a-7c16-41e6-bb07-9b9dd9fec82c,36-45,technician,divorced,Unknown,1-1K
e31249e2-75c9-40d8-a0c5-9508306d8f37,36-45,technician,divorced,secondary,1-1K
ab54cc41-7d2a-4931-af68-49066b77d9ae,36-45,technician,divorced,secondary,1-1K
5f426454-027d-4a43-903c-52a84aa569bf,36-45,technician,divorced,secondary,1-1K
acf584d0-6d46-496e-a45b-10a35484e4f2,46-55,admin.,divorced,secondary,1-1K
df16bf6b-17c6-47db-a473-0a60ff241671,46-55,blue-collar,divorced,primary,1-1K
1836a84c-b773-468a-ad4c-94eba5984830,46-55,housemaid,divorced,primary,1-1K
bd7606bf-121f-4180-a0c8-118340c50539,46-55,housemaid,divorced,primary,1-1K
19040d75-7eb0-4c53-8df9-5e127e94069d,46-55,management,divorced,tertiary,1-1K
b47e37f0-4f76-41d9-a050-aa94c65ff757,46-55,management,divorced,tertiary,1-1K
335be476-1bbd-49e7-8277-02feb127ee30,46-55,self-employed,divorced,secondary,1-1K
f129ce37-9e93-4ac4-90c2-b469d9e86d6a,46-55,services,divorced,secondary,1-1K
f56ab387-8f01-44f7-9da6-6a071eb4d8ed,46-55,services,divorced,secondary,1-1K
44c69329-d91d-4afe-af78-bef4e048e8f1,46-55,services,divorced,secondary,1-1K
c4112e29-2931-4224-bbf4-053343974f91,46-55,services,divorced,tertiary,1-1K
10146f12-d568-4197-b7c1-8dae4242e5bc,46-55,technician,divorced,secondary,1-1K
78185ea3-2aa7-4de4-920b-9844a2ee51f3,46-55,technician,divorced,secondary,1-1K
a94c22b6-20ff-425e-bec2-96585ff652d4,46-55,technician,divorced,secondary,1-1K
5488a42b-b5e2-4805-bb31-0ed52ae97efd,56+,Unknown,divorced,primary,1-1K
dcb5ea14-dca2-4139-8f0a-2b87dc4ac31d,56+,blue-collar,divorced,primary,1-1K
138422ef-c7e1-40bb-9c9b-23bc5116913d,56+,retired,divorced,secondary,1-1K
ca43e554-12f0-48e3-987f-3341ecc05e94,56+,retired,divorced,secondary,1-1K
622e89ce-1071-4f9d-b167-34976aabdcd8,56+,retired,divorced,secondary,1-1K
af6236ad-680e-4141-a2f8-3ee8c0f5887d,56+,retired,divorced,secondary,1-1K
a6a9b8f6-efcb-4b32-95b2-fd6c53dfee50,56+,retired,divorced,secondary,1-1K
b2c66ece-924d-4a04-b8e8-acbe5362bed8,26-35,admin.,divorced,secondary,1-1K
fe4409ff-51b8-4095-b130-3107b2f0e06f,26-35,admin.,divorced,secondary,1-1K
384056dd-cefe-4621-a20b-cf898b28e7ae,26-35,admin.,divorced,secondary,1-1K
92de35a7-c965-4248-bba9-4bc4fc25970f,26-35,admin.,divorced,secondary,1-1K
8b3cf23f-7433-4fea-800b-eeb122746080,26-35,blue-collar,divorced,secondary,1-1K
10ef6f41-3943-49e1-bf88-9824189f69c8,26-35,blue-collar,divorced,secondary,1-1K
fb445d8e-0470-4793-84f5-eed0e602534d,26-35,entrepreneur,divorced,tertiary,1-1K
02191dd6-dd99-4959-b105-7dda5859f9cf,26-35,entrepreneur,divorced,secondary,1-1K
7ada330f-4569-4d98-9874-011fbc6c4371,26-35,management,divorced,tertiary,1-1K
f4a3bf88-ee47-4e1f-b7ba-c99aade9355a,26-35,management,divorced,secondary,1-1K
f2b0078d-9cf1-4734-bf4a-7ed7a2634d11,26-35,services,divorced,secondary,1-1K
11ac786f-feb7-4061-a04a-e161a6955373,26-35,technician,divorced,tertiary,1-1K
9666c970-fbdb-4683-8364-ba6af6f7acd3,26-35,technician,divorced,secondary,1-1K
cddca459-8bc7-4d1b-b277-9e5310a3de02,36-45,admin.,divorced,secondary,1-1K
38d5dfe2-dbb8-4a30-bebd-f0279187f170,36-45,admin.,divorced,secondary,1-1K
a5f0a91b-12c2-4c35-aae0-ce6cb3c84b7e,36-45,admin.,divorced,Unknown,1-1K
1e9f6f06-2284-4a5a-899d-51450cbacf3e,36-45,blue-collar,divorced,secondary,1-1K
950348fc-d322-45f0-bf33-5f0ca6095b89,36-45,blue-collar,divorced,secondary,1-1K
e3d478e4-1bdc-4108-a59e-74d1b9dc59b2,36-45,blue-collar,divorced,secondary,1-1K
4fb6a282-15a3-4dd4-98b2-f4035af2a37e,36-45,blue-collar,divorced,secondary,1-1K
a4c959e2-63ee-4bce-a7f0-6936270d69e9,36-45,entrepreneur,divorced,tertiary,1-1K
23c0da55-7cdb-4e1e-9053-36143b3ced2a,36-45,entrepreneur,divorced,tertiary,1-1K
651d8bc8-9395-4fdf-a162-e39ed1206ef8,36-45,management,divorced,tertiary,1-1K
397fe1bf-577a-4fcb-865a-3bdcac970952,36-45,management,divorced,secondary,1-1K
7fd2ce5e-d8a6-49b3-bba1-fb085a25f9f6,36-45,management,divorced,tertiary,1-1K
d8fccd01-42a5-4c52-b1df-99c97e0db9a0,36-45,management,divorced,tertiary,1-1K
e49220bc-3a23-4005-b259-54e05b234e53,36-45,management,divorced,tertiary,1-1K
e614b56a-7a0a-44ac-8be3-b99047ec472b,36-45,services,divorced,secondary,1-1K
9765d2c8-2803-46de-b843-52da209efdd3,36-45,services,divorced,secondary,1-1K
8eb8a64e-6a80-40cb-af10-431e7122295f,36-45,technician,divorced,secondary,1-1K
2f75ead2-8c2f-48c2-80e0-84973eb01788,36-45,technician,divorced,secondary,1-1K
6e4cb07e-c710-4698-a13e-8b1d649c6e2d,46-55,admin.,divorced,tertiary,1-1K
0cc9e791-7cf0-414f-9f33-1c9c37fa64b5,46-55,admin.,divorced,secondary,1-1K
59d18e71-1f4b-4f50-8888-6e8c85f661ae,46-55,blue-collar,divorced,primary,1-1K
a43139f0-6927-4056-9845-cfac2d89d499,46-55,blue-collar,divorced,secondary,1-1K
610e63f3-9805-4f7e-8bf1-941310d83eaf,46-55,blue-collar,divorced,primary,1-1K
df13ca10-d7ae-4ace-948c-94b94b42e4f1,46-55,management,divorced,tertiary,1-1K
c3b53af7-9286-411f-bb4e-be28fd14aed1,46-55,management,divorced,tertiary,1-1K
263563f1-7a76-486d-83f4-196b46ca5b6a,46-55,management,divorced,tertiary,1-1K
d0bf9704-baf8-4f04-8d01-405f2fc81e45,46-55,services,divorced,secondary,1-1K
5e9d10cd-c9ce-4664-aabe-0ebdf81ad120,46-55,services,divorced,primary,1-1K
117f458a-d447-4e2e-97b9-a22c82a8bd52,46-55,technician,divorced,secondary,1-1K
39637170-c0be-4e3c-88ed-c455ea6906f6,46-55,technician,divorced,tertiary,1-1K
b974a83c-bd78-4dd1-9dfd-1550907d2f63,46-55,unemployed,divorced,secondary,1-1K
3afd8a34-9ca2-4870-b05c-79dec0014c08,56+,admin.,divorced,secondary,1-1K
667b8a8f-077f-4b93-9b72-eeb87b03999a,56+,housemaid,divorced,primary,1-1K
9be7f23c-bc6f-4ae2-87ab-8eee7c8a9e33,56+,management,divorced,tertiary,1-1K
987ca596-f304-469e-985c-c225f234bf6d,56+,management,divorced,secondary,1-1K
4d902266-ebbd-4345-9d5f-f599edbaddf9,56+,management,divorced,tertiary,1-1K
89abc6a8-28e9-4650-99b5-9590fc3d6029,56+,management,divorced,tertiary,1-1K
28f01afd-1c09-4f59-9c29-ca3fc47a4d5e,56+,management,divorced,tertiary,1-1K
be833ceb-d754-49de-9673-d8d2bc7af9b9,56+,retired,divorced,secondary,1-1K
10b23362-614a-40e2-a532-5ea581b75cbd,56+,retired,divorced,primary,1-1K
a4ad19d7-1568-4188-af7b-3b16684f7259,56+,retired,divorced,Unknown,1-1K
d04e8161-34ad-415c-bab2-577b9e6394c8,56+,retired,divorced,tertiary,1-1K
2833e412-bd18-4aae-a81d-95a82f1ad571,56+,retired,divorced,primary,1-1K
0234dade-1884-44cd-82e9-b9b6acf5e7d4,56+,self-employed,divorced,tertiary,1-1K
dc9ac8b0-96e5-4732-b550-5cc9f7672a41,56+,technician,divorced,secondary,1-1K
4a81463e-1e0d-4053-9578-cd7122b28400,56+,technician,divorced,primary,1-1K
88c307d2-0459-4863-a227-7837b07073b6,26-35,blue-collar,divorced,primary,1-1K
ec4c5457-7854-4df1-ae16-d1234f3b36df,26-35,blue-collar,divorced,primary,1-1K
8858d271-33df-483e-a5f7-e89bff88b7d0,26-35,blue-collar,divorced,primary,1-1K
ea21c99c-372c-45ee-a6fb-28bd2d2be496,26-35,blue-collar,divorced,secondary,1-1K
d03dd07c-792a-417d-b96e-707cff29c5b4,26-35,management,divorced,secondary,1-1K
782298ec-bbff-45a1-b606-ecda4e935aa1,26-35,management,divorced,tertiary,1-1K
2a70fff2-2cdb-45b7-bda8-584d7c3e65c8,26-35,technician,divorced,secondary,1-1K
9254d3b9-ba59-4067-980e-19c8cbf05bbb,36-45,admin.,divorced,secondary,1-1K
582a4e24-9720-4748-8c18-e76589989641,36-45,admin.,divorced,secondary,1-1K
41ea4a58-fd6f-4e21-a3c9-9de93149d92c,36-45,admin.,divorced,secondary,1-1K
443e1b10-df35-4c63-ba26-fda92bb8e7e9,36-45,blue-collar,divorced,primary,1-1K
d044e34c-2781-4ba3-b831-0622bef9faa8,36-45,blue-collar,divorced,primary,1-1K
2768dab7-a338-4435-a033-dbb0a476c163,36-45,blue-collar,divorced,secondary,1-1K
bf2658e8-5cf7-416c-918b-9fb06f2ead75,36-45,housemaid,divorced,primary,1-1K
f15ded44-ccaf-48b8-8b0d-c6cd7cd8d242,36-45,management,divorced,tertiary,1-1K
af61ef36-eb25-41a1-bd1f-ae7784882180,36-45,management,divorced,tertiary,1-1K
e99d11de-1830-4411-aa16-8796f4f15f3c,36-45,self-employed,divorced,secondary,1-1K
d1ddc35f-d068-485e-8e97-d40e8df64549,36-45,services,divorced,secondary,1-1K
6e91041b-525b-4bdc-8cbb-d83f592279d3,36-45,services,divorced,secondary,1-1K
a0493f30-ab43-48b9-a9bf-3554c42aaac7,36-45,services,divorced,secondary,1-1K
b51778c4-b992-4082-8eff-cf5a7c39c520,36-45,services,divorced,primary,1-1K
eb6a5d23-7615-4000-b6b2-63e929a46498,36-45,services,divorced,secondary,1-1K
072c3650-640b-490d-a893-458f9b4136da,36-45,technician,divorced,secondary,1-1K
20466196-f7fa-466a-b6f1-dedcb917a929,36-45,technician,divorced,secondary,1-1K
a96c3716-8118-42d0-9d6f-db927f9a6308,36-45,technician,divorced,secondary,1-1K
293808b2-2258-4aa7-86e9-36293c560405,36-45,technician,divorced,secondary,1-1K
7ef2ed7f-b9f0-4657-8831-e51777a8ccd1,46-55,admin.,divorced,secondary,1-1K
18d3d1ba-6b61-43dd-9342-9442ce9ae38e,46-55,admin.,divorced,secondary,1-1K
ddc9ee16-70bf-469c-b83c-9d4d95dc3441,46-55,admin.,divorced,secondary,1-1K
40a6ff02-a224-43db-a365-38a51e112fc0,46-55,blue-collar,divorced,secondary,1-1K
77a2658e-5bfc-49fc-9751-642a7891aaf3,46-55,blue-collar,divorced,primary,1-1K
70568b86-eac3-41ec-a3b1-cedece7b5dcb,46-55,entrepreneur,divorced,tertiary,1-1K
1f090e89-bb80-45ac-b27c-af062fa98870,46-55,entrepreneur,divorced,tertiary,1-1K
be6c4590-ad3b-409a-9586-0dc4e7302cd2,46-55,management,divorced,tertiary,1-1K
ef1bfa2f-6827-449a-aaac-4e7c9cf6ea2a,46-55,management,divorced,tertiary,1-1K
2a546393-f593-47f9-be43-78884d8e8bec,46-55,management,divorced,tertiary,1-1K
37b3952e-4c48-4279-b3aa-e201378a69c3,46-55,management,divorced,tertiary,1-1K
c17f8a93-ecb9-4926-b623-18f09b733b1d,46-55,management,divorced,tertiary,1-1K
664830d4-b686-4b81-a581-7e9c3f4fee22,46-55,management,divorced,tertiary,1-1K
c3fbfffe-8616-47f7-ae52-da7600efd8dc,46-55,management,divorced,tertiary,1-1K
95f56327-3934-4f8c-b0b7-fcc14638ef8b,46-55,services,divorced,secondary,1-1K
6baa0cfc-1c88-445a-a76c-e691b290e0c1,46-55,technician,divorced,secondary,1-1K
511b27ec-97e3-48dc-92fc-ad2a78692426,46-55,technician,divorced,secondary,1-1K
95bb6cc9-bf12-46f6-93bb-0600f6d471bc,46-55,technician,divorced,secondary,1-1K
3f22bda3-9bf5-4a26-809b-54fdaf8dc6cf,46-55,technician,divorced,secondary,1-1K
8e22bb86-6f3b-4e5a-be12-476cb9ddbeef,46-55,unemployed,divorced,secondary,1-1K
e04428f9-d2a1-4249-8721-41146f5c0c5a,56+,admin.,divorced,secondary,1-1K
1569547b-c325-43bd-bc3b-43a3ea6a68a5,56+,admin.,divorced,secondary,1-1K
67471026-3b82-4071-b9de-8c4fec2cfc54,56+,blue-collar,divorced,primary,1-1K
e01b8ae6-51e1-40a9-89b2-9f4ac331f1c7,56+,management,divorced,tertiary,1-1K
28af02ef-c0c7-4211-8434-91a4001baf64,56+,management,divorced,Unknown,1-1K
8bc6d12c-f037-4e40-992e-f64aac383e9c,56+,services,divorced,secondary,1-1K
d50fe438-a022-43c9-8409-313cb29fd6b8,56+,technician,divorced,secondary,1-1K
313d4b35-1269-47d4-bdb2-39f2a0634c9e,56+,technician,divorced,secondary,1-1K
c3bb673e-7bea-4d88-bfc0-65ddf8c7231e,18-25,blue-collar,divorced,secondary,1-1K
f8a4af85-e1ad-46f8-a248-6d924b204db9,26-35,admin.,divorced,secondary,1-1K
0dbbab3c-8b69-46a1-9958-d12c7309c2cf,26-35,admin.,divorced,secondary,1-1K
2e34c9fc-a076-45c4-bbe0-19c670020f0e,26-35,admin.,divorced,secondary,1-1K
53e2bb35-fb9b-429c-9433-4ea8bdb12f10,26-35,admin.,divorced,secondary,1-1K
04461922-556a-45cd-aac2-dffcab551d88,26-35,admin.,divorced,secondary,1-1K
8dad1d0c-24bc-41c5-94ec-5a45889274e5,26-35,admin.,divorced,secondary,1-1K
d583ffa4-bd1a-4df9-98c6-d1843471c20a,26-35,services,divorced,secondary,1-1K
1548eba1-56a1-45ad-90fa-e0520d17dd82,26-35,services,divorced,secondary,1-1K
d647249a-c20a-4ba0-9ac1-daa669ed4b5c,26-35,technician,divorced,secondary,1-1K
e5c8cc21-ee7a-4598-9a1d-03f834fe45ef,26-35,technician,divorced,secondary,1-1K
d5382244-31d2-452d-be65-28af0ee4a0f4,36-45,admin.,divorced,secondary,1-1K
b4c8bddc-6908-4b14-805d-533c49c46698,36-45,admin.,divorced,tertiary,1-1K
cb023d52-d98e-40ca-8fa7-eb4db25bd5c8,36-45,blue-collar,divorced,primary,1-1K
ac3096bd-4d34-467b-9644-39de1c81f941,36-45,blue-collar,divorced,secondary,1-1K
4b2db0f3-4990-4c22-8d41-90635c817e0a,36-45,blue-collar,divorced,secondary,1-1K
65fa0be2-9a93-4d0f-a300-04f155b8f487,36-45,blue-collar,divorced,secondary,1-1K
fec6a153-479d-4684-aacb-23cb78d57b47,36-45,blue-collar,divorced,primary,1-1K
13cd8c0b-3b38-439a-81be-a957daa134a0,36-45,blue-collar,divorced,primary,1-1K
f7a995b9-70f2-4e3c-838b-e69dbcbfcc72,36-45,housemaid,divorced,secondary,1-1K
9bed627f-07b0-440d-bd65-836bc95ff6c6,36-45,management,divorced,tertiary,1-1K
ecfe862f-efc9-434c-a8d1-f9573daf1821,36-45,management,divorced,tertiary,1-1K
b8d02da9-2247-4c02-b0d6-21ed8c4a0617,36-45,management,divorced,tertiary,1-1K
f623f03f-266b-4391-94c0-d1a0fdede769,36-45,management,divorced,tertiary,1-1K
b277019f-e1c1-4194-9f2c-0a560372613a,36-45,management,divorced,secondary,1-1K
b1587f43-9c80-4521-a3e5-4df41d8b9f4e,36-45,services,divorced,secondary,1-1K
1939cf0f-e2d8-466b-b8c1-acca6d0ac476,36-45,services,divorced,secondary,1-1K
60990d55-222e-491b-b154-9f54c01fa7df,36-45,technician,divorced,secondary,1-1K
d2a2fec5-0add-428f-81ab-6bed6be59445,36-45,technician,divorced,tertiary,1-1K
e40d48ec-ce3e-4bf8-ae39-6ca15c0a6dcc,36-45,technician,divorced,secondary,1-1K
4a082ecf-6a36-47a2-9539-c0425ed61f14,36-45,technician,divorced,secondary,1-1K
750b4691-70c7-4a70-88bc-3f05567fbada,46-55,admin.,divorced,secondary,1-1K
b296e83b-0955-4fb6-a2fc-696b9917470e,46-55,admin.,divorced,secondary,1-1K
e4dd57e8-ca5f-484a-86f9-8362db1136e7,46-55,admin.,divorced,secondary,1-1K
20f0bd6f-9aff-4347-9ce2-57a083ee6da7,46-55,blue-collar,divorced,primary,1-1K
23a26496-b1aa-46d6-8a76-7f75325e0d52,46-55,blue-collar,divorced,primary,1-1K
3014ea78-d989-4a05-9ccb-d4f92600b30a,46-55,blue-collar,divorced,primary,1-1K
fc83c865-d398-4d24-9d68-6f4f77ed66b1,46-55,management,divorced,tertiary,1-1K
944c5949-2317-4fa9-ae9f-e4707aa12e81,46-55,management,divorced,tertiary,1-1K
b35791d1-46e3-4391-aef7-744ed01a6f75,46-55,services,divorced,secondary,1-1K
12200e8a-5c2f-4984-8921-20b9b1560523,46-55,services,divorced,secondary,1-1K
5fa179db-ebda-4341-a408-b33f793f39da,46-55,technician,divorced,tertiary,1-1K
35249ab0-843b-4e40-88f6-32e5ec48f8f4,46-55,unemployed,divorced,tertiary,1-1K
73dc759e-870f-4439-bf54-68d40bcc0fb3,56+,admin.,divorced,secondary,1-1K
14307d6c-475f-4cae-8844-ccd2769b3ca0,56+,blue-collar,divorced,primary,1-1K
7b349907-dfa7-445c-9333-0d5acb0255d2,56+,housemaid,divorced,secondary,1-1K
af3f9e9d-1887-46d2-b8b6-92f949a9ab97,56+,management,divorced,tertiary,1-1K
d29e727f-ce1a-4812-883d-20d8cb325a57,56+,management,divorced,tertiary,1-1K
09777cd2-168b-438a-8dfd-3cf52d2ffafb,56+,management,divorced,tertiary,1-1K
d974feed-23bb-411d-9464-c106684ddae4,56+,retired,divorced,secondary,1-1K
48c16c79-4a57-4255-8946-1b3619513991,56+,retired,divorced,primary,1-1K
a3097652-de91-4076-a793-dd7c570c3f70,56+,unemployed,divorced,secondary,1-1K
6bebfe17-d77d-4302-8171-411140647e1e,26-35,admin.,divorced,secondary,1-1K
b751a1c3-5c90-4c98-b69a-ac8b5858cdcf,26-35,blue-collar,divorced,secondary,1-1K
df30e62b-388b-41c6-b0bb-80d036a1335e,26-35,blue-collar,divorced,secondary,1-1K
1ac0c2f8-82f1-4d3f-926b-2b8ae5cab812,26-35,housemaid,divorced,secondary,1-1K
93e9ac8b-c680-4d78-acfb-72fc552d0a8a,26-35,management,divorced,tertiary,1-1K
178cc9c8-e98e-4cb1-b8db-b9635fcfc45a,26-35,management,divorced,tertiary,1-1K
d5d1d77b-3f48-478a-931a-6c5b4e45f2c9,26-35,self-employed,divorced,Unknown,1-1K
f1c5fdda-1e90-4add-903d-7bad27940dcd,26-35,self-employed,divorced,secondary,1-1K
160b9400-7711-4127-a9f7-59ec0efc48f9,26-35,services,divorced,secondary,1-1K
09a84a78-653a-4414-a98f-bd18238a2fa2,26-35,services,divorced,primary,1-1K
21b33239-ed01-4edc-9b44-40038ebffd49,26-35,services,divorced,secondary,1-1K
cbac03aa-d9c9-4dfa-b1d9-b15fa7c805e8,36-45,admin.,divorced,secondary,1-1K
e9e1cf4b-df0e-47bc-8bb8-51913dbaefc8,36-45,admin.,divorced,secondary,1-1K
d8f5ec47-deaf-4de3-978c-d686223186c1,36-45,admin.,divorced,secondary,1-1K
81a6c741-055a-4b3b-b9a8-dd08e3ebe113,36-45,blue-collar,divorced,primary,1-1K
830d5a68-a039-4be9-91e5-847689bf0e0b,36-45,blue-collar,divorced,secondary,1-1K
9539a0bc-4d0d-4e64-8f1d-24490e6ee3cd,36-45,blue-collar,divorced,secondary,1-1K
e7bfe852-740a-4f62-87d1-b89bf2b2e25c,36-45,blue-collar,divorced,primary,1-1K